CL=F,0.0
HO=F,0.63265
NG=F,0.0
RB=F,0.36735
